{"prediction":0.9792202711105347,"label":1,"raw":{"raw_pred":[[0.9792202711105347]]}}